id,nombre,longitud,latitud,poblacion
1,COL. RESIDENCIAL VALLE DEL LAGO,29.07448248513143,-110.98744953586784,1438
2,COL. PRIVADAS DEL SAUCE,29.15358211985873,-111.00290040898088,649
3,COL. CAPERUZO,29.150295216438483,-110.98444990279384,779
4,COL. PASEO DE LAS MARGARITAS,29.13107668362434,-110.95784596553638,719
5,COL. VILLA SAUCES RESIDENCIAL,29.127400832138367,-111.02188301855875,269
6,COL. RESIDENCIAL REAL DE CASTILLA,29.08937472041261,-111.0279393869932,229
7,COL. INDECO CENTENARIO,29.074153887773395,-110.96904614356627,89
8,COL. LA CARIDAD,29.14847200301286,-110.98191528617173,3865
9,COL. REFORMA NORTE,29.11470158456304,-110.97741892391372,616
10,COL. RINCONADA DE LA CRUZ,29.084098855135966,-110.93021269218208,562
11,COL. LOMAS DEL MIRADOR,29.03983749838257,-110.94811254864788,789
12,COL. CERRADA SUAQUI GRANDE,29.1422230791662,-110.9656832791328,85
13,COL. SAN SEBASTIAN,29.150532519551284,-110.98713708736986,425
14,COL. RESIDENCIAL CAPISTRANO,29.09007121265336,-111.00075581198712,976
15,COL. AMPLIACION ALCATRACES,29.026606859862174,-110.97092165587227,328
16,COL. RINCON DE LAS FLORES,29.113602666512875,-111.00737570244424,49
17,COL. MESAVERDE,29.046051574668507,-111.0026747956593,216
18,COL. LOMAS ALTAS,29.106068035908827,-110.9372608267577,279
19,COL. SIN NOMBRE 1,29.0727723767557,-110.92598350649696,0
20,COL. SAN MARCOS,29.122774266046083,-111.03384564671396,2070
21,COL. MISION DEL ARCO,29.12073935531474,-110.99952467331568,546
22,COL. VIÑEDOS,29.11765675945149,-110.99442043520972,1200
23,COL. LA FLORESTA SECC CEIBA,29.12711991991428,-111.0131243662268,1001
24,COL. CALIFORNIA ETAPA V,29.117789686619627,-111.0636413841475,1294
25,COL. CORTIJO SECCION PIONEROS,29.149712473764204,-110.99112722741808,1180
26,COL. LORETO RESIDENCIAL,29.13204257011096,-110.95069335065656,59
27,COL. JACINTO LOPEZ,29.13964377572812,-110.97924113190768,6129
28,COL. SOLIDARIDAD,29.14062597225281,-111.00377316579127,16256
29,COL. PUEBLO ALTO,29.13182811507945,-110.95296181752232,16
30,COL. CAMPO GRANDE,29.083020134376515,-111.0414555396765,2308
31,COL. MISSION,29.11775237765932,-111.00531184841591,1606
32,COL. INSURGENTES,29.137296883377022,-110.96635345717242,8359
33,COL. SIENA RESIDENCIAL,29.09026226052783,-111.0123152204356,438
34,COL. ALTARES I,29.00068092639169,-110.94019436760236,4204
35,COL. 14 DE MARZO,29.05768200344916,-110.98713091917212,0
36,COL. PRIVADA DEL ROSARIO,29.084987333716185,-111.03060195360575,0
37,COL. ARANDANOS SECCION VILLA HERMOSA,29.03327926769142,-110.9659126150123,30
38,COL. PASEO DEL CID RESIDENCIAL,29.16144538830064,-110.97811437278966,142
39,COL. LAS ALAMEDAS,29.12006871759041,-111.02414589184384,106
40,COL. PUEBLO ESCONDIDO,29.15498540878601,-111.01656322672213,2345
41,COL. PANTEON,29.115221001183414,-111.0271285106874,0
42,COL. PASEO DEL SOL,29.08044915285704,-110.98494623791689,499
43,COL. QUINTAS GALICIA,29.079786933873827,-110.99068184777757,601
44,COL. LA CHOLLA,29.10707845200076,-111.04674340144813,6721
45,COL. EL RECODO,29.076061819293383,-110.97933153315114,102
46,COL. SAHUARO INDECO,29.10222555233004,-110.9968460043735,2517
47,COL. PILARES PORTAL,29.15597062438584,-110.99663167602746,101
48,COL. PRIVADA LOS SAUCES,29.074573722395748,-110.93131746979392,0
49,COL. MONTECARLO,29.064758775703453,-110.99612158799836,3772
50,COL. RIO GRANDE,29.064620332674423,-110.97439536735196,543
51,COL. ALTARES AMANECERES,29.01093806428559,-110.94159239296674,226
52,COL. VALLE BONITO,29.07846222901389,-110.98623442729658,759
53,COL. MANLIO FABIO BELTRONES,29.141806032692784,-111.0160749115556,752
54,COL. ROMANZA RESIDENCIAL,29.155335217453537,-111.00309565925564,1530
55,COL. PASEO REAL RESIDENCIAL,29.05472081038343,-110.9982073389226,1466
56,COL. VALLE DE MARQUEZ,29.02617630023733,-110.94428137580675,2854
57,COL. SAN JERONIMO,29.11480763099909,-110.99751439309784,334
58,COL. VILLA FONTANA,29.115777897033404,-110.99601164079613,480
59,COL. DALI,29.086455041257864,-111.0165049912248,30
60,COL. REAL DEL LLANO,29.08734247058904,-111.03926784032927,1222
61,COL. SAN LORENZO,29.13357014636933,-110.96045332639348,713
62,COL. LAS LOMAS,29.036217152421884,-110.94635126540216,990
63,COL. CARDENO ETAPA CELESTE II,29.157578847624837,-110.96966675585452,80
64,COL. NUEVA GALICIA,29.07980051392291,-110.98881813287429,629
65,COL. COLOSO BAJO,29.07966689158711,-110.93398219880964,879
66,COL. FRANCISCO VILLA,29.116805103382397,-110.97493198871072,1401
67,COL. SAN BOSCO,29.11974508721369,-111.03158201610928,4041
68,COL. LAS AVES,29.11758291571619,-110.98821641817486,575
69,COL. TIERRA NUEVA,29.16920653467628,-111.01258012599966,6089
70,COL. LAS GRANJAS,29.074897180866387,-110.97414453938578,4025
71,COL. ISSSTE,29.1071403203776,-110.95197841962496,369
72,COL. PLAZA REAL,29.12235459205176,-110.99991579148109,850
73,COL. NUEVO HORIZONTE,29.15186914774992,-110.98833730064544,186
74,COL. VALLE DEL PORTAL,29.13620173409928,-111.0043488910703,1343
75,COL. LOMAS DE REFORMA,29.15633226274147,-110.98036958261495,261
76,COL. PROYECTO COLONIA ALTARES,28.99372321014449,-110.9460693539373,46
77,COL. BELLA VISTA (1),29.116217852714843,-110.98816583249462,290
78,COL. ATARDECERES,29.120662050577756,-110.98289190510368,716
79,COL. ADOLFO LOPEZ MATEOS (NORTE),29.10778729278497,-110.99549985158944,505
80,COL. SAN ANGEL,29.056969297909436,-110.97513577111796,2785
81,COL. LA ANTORCHA,29.12599079179441,-111.04288669771586,558
82,COL. LOS GIRASOLES,29.02517847739311,-110.96421939342513,999
83,COL. PRIVADA DOS LAS LOMAS,29.03929158558676,-110.9455499687636,99
84,COL. CUARTEL PITIC,29.106368911885458,-110.9345957559797,111
85,COL. VILLA VENTURA,29.10674383302948,-110.93918527518694,114
86,COL. PUERTA ESMERALDA,29.049769292015448,-110.99780767292002,517
87,COL. LA JOLLA,29.110393719107776,-110.93974050532876,324
88,COL. HACIENDA DEL SOL,29.1039919180605,-111.01740238615542,539
89,COL. PUEBLITOS SECC PAPAGOS,29.157417549578128,-111.0067074720136,487
90,COL. AMPLIACIN 4 DE MARZO,29.152582528581107,-110.99248919048829,781
91,COL. OASIS DEL SOL,29.04891852478543,-111.00178594685252,1028
92,COL. LAS PALMAS,29.07097899980717,-110.95812250062085,444
93,COL. VENTURA CLUB RESIDENCIAL,29.123925247058523,-110.91910159085732,119
94,COL. REAL DEL VALLE,29.167046303518404,-111.01968122066634,5944
95,COL. SAN RAFAEL,29.136060748762198,-110.95955249686156,0
96,COL. LAS LOMAS SECCION BONITA,29.043697215073166,-110.94301577214004,2243
97,COL. PRADOS DEL CENTENARIO,29.0793553993792,-110.9695478258406,518
98,COL. AGAVES RESIDENCIAL,29.014399115818307,-110.97292810347122,1179
99,COL. BUGAMBILIAS,29.11631466756057,-110.9562380874914,2431
100,COL. RESIDENCIAL LA RIOJA NORTE,29.1316715671281,-110.945986407656,307
101,COL. ARBOLEDAS,29.00240277780985,-110.9302568372246,1953
102,COL. FRANCISCO ROMERO,29.134198768572,-111.01010943999913,867
103,COL. OASIS LANTANA,29.13049710565553,-111.01318854913085,865
104,COL. LA VERBENA,29.06695831454757,-110.98845961478185,2918
105,COL. LOS PORTALES,29.07715047070629,-110.99412683751903,893
106,COL. PRIVADAS DEL BOSQUE,29.150249389961925,-111.00426134919998,2290
107,COL. UNION DE LADRILLEROS,29.12370742337652,-111.0256326721071,470
108,COL. LOS CIRIOS,29.02233086062476,-110.94409931124272,338
109,COL. SOLEIL RESIDENCIAL,29.05530085078663,-110.99306732212754,1704
110,COL. MIGUEL HIDALGO,29.13531472880905,-110.99140563569964,5591
111,COL. SACRAMENTO RESIDENCIAL,29.118219113585276,-110.9543038175979,790
112,COL. LOMAS DE MADRID,29.1296954755274,-110.97661506411048,5734
113,COL. VIRREYES,29.12582641635814,-110.99617491129736,1518
114,COL. LAS LOMAS SECC LOS MANZANOS,29.049348571398028,-110.94463601671842,794
115,COL. LOS MIRASOLES,29.100826826486795,-111.00341368128672,1476
116,COL. CASA LINDA,29.02535733912552,-110.9661363241499,731
117,COL. LA CAMPIÑA,29.13227496251224,-111.02649372784494,810
118,COL. LOS NARANJOS,29.07675699966129,-110.92673223684965,2784
119,COL. HACIENDA RESIDENCIAL,29.146301567665912,-110.98553619595432,405
120,COL. EL LLANITO (1),29.102014946636373,-111.02130454104382,59
121,COL. VILLA DE PARRAS,29.08399311539828,-111.0077059236339,887
122,COL. SAN FRANCISCO VALLE RESIDENCIAL,29.053319248861108,-111.0155124975218,111
123,COL. RINCON DE PALMAS,29.152309673673034,-110.97117472071513,628
124,COL. EL MALECON,29.069317627011795,-110.96465184685022,548
125,COL. NUEVO SAHUARO,29.10133465608261,-111.0178336703046,953
126,COL. EL APACHE,29.056545849175077,-110.9822627540012,3389
127,COL. SAN GERMAN,29.162564443547986,-111.01383750347328,264
128,COL. CONCORDIA RESIDNCIAL,29.07778393866747,-111.01169919151155,0
129,COL. CERRO III,29.037737671791398,-110.94756068079526,0
130,COL. RETORNO DE LA MISION,29.14789405034221,-110.98618547882656,407
131,COL. ADOLFO LOPEZ MATEOS (SUR),29.029377298409692,-110.96770272721594,3164
132,COL. LA FLORESTA,29.125378869290167,-111.02038277469094,247
133,COL. GENOVA RESIDENCIAL,29.062987691828763,-110.98228288641688,111
134,COL. URBI VILLA DEL CEDRO,29.16530813709759,-110.9837309446989,4683
135,COL. CAMPESTRE RESIDENCIAL,29.092972735790333,-110.93813339440054,35
136,COL. PUEBLO DEL SOL,29.15698490725582,-111.01854039673108,2274
137,COL. EL DORADO,29.128139246693696,-110.94936118424776,476
138,COL. LAS CARRETAS,29.01232900191914,-110.92685456565027,448
139,COL. CENTENARIO,29.075538031956476,-110.96224337382124,1938
140,COL. FUENTES DEL MEZQUITAL,29.073036487674628,-110.97907470398408,2301
141,COL. LA PALOMA,29.13039685304581,-110.94909215988235,459
142,COL. SAN JOSE DE LAS MINITAS,29.0409048502945,-110.99164825113635,1322
143,COL. REAL DE TOLEDO,29.06715492416199,-110.9992634590418,250
144,COL. ANGEL FLORES,29.074735001790017,-110.94871469218415,44
145,COL. RESIDENCIAL SANTA FE,29.08675687460121,-110.9920827856442,927
146,COL. COLINAS DE SAN JAVIER,29.133987781748104,-110.94659884849357,35
147,COL. CORCELES SECC ARDENES,29.073093391335025,-111.02703096461764,674
148,COL. GUAYACAN,29.154337485279203,-110.98623309177418,548
149,COL. LA MOSCA,29.070125515066216,-110.97160348465478,298
150,COL. ALTARES CUARTA ETAPA,28.996517005691548,-110.95018644476548,258
151,COL. LOS SABINOS,29.124745158259884,-110.94933002648456,419
152,COL. CASA GRANDE,29.07966964333029,-110.99811292657812,988
153,COL. CANARIOS,29.090392652390392,-110.98381244449358,38
154,COL. TERRA BLANCA,29.08549012836858,-110.99787364381856,157
155,COL. PERISUR,29.034609936550652,-110.9389851656996,1154
156,COL. COLINA BLANCA,29.128713381034032,-110.95637268738518,104
157,COL. LA JOLLA SECCION VILLA DE LOS DIAMANTES,29.115117876660747,-110.93986853858108,0
158,COL. EL CONQUISTADOR,29.09084232940247,-111.02515324803456,1226
159,COL. ALTARES SECCION FRANCISCANOS,29.020199525283765,-110.9451765646926,4488
160,COL. QUINTA LA PALOMA,29.133796115465977,-110.94848919840793,152
161,COL. REAL DEL CENTENARIO,29.07821032840355,-110.97165566776492,0
162,COL. URBI ALAMEDA LOS ENCINOS,29.05364856329411,-110.93351659747684,2230
163,COL. VILLA SUREÑA,29.045839342681063,-110.97734333280268,0
164,COL. PUERTA GRANDE RESIDENCIAL,29.078963815611367,-111.00477819921232,205
165,COL. AMAPOLAS,29.093536056080445,-110.91824057594432,2238
166,COL. SAN DIEGO,29.1214407968825,-110.98501823020769,39
167,COL. LOMAS DEL MARQUEZ,29.02834087227041,-110.94675579564324,776
168,COL. CERRO II,29.058718603396336,-110.94011728336972,76
169,COL. BADALONA,29.12263479312288,-111.0051582052434,0
170,COL. TERRAZAS DEL MIRADOR,29.124969032084564,-110.95361271801224,457
171,COL. VALLE VERDE,29.089874329957706,-110.975030241872,890
172,COL. LUIS ENCINAS,29.112571919606477,-110.9805332399981,2328
173,COL. RESIDENCIAL FLAMINGOS,29.07777929960803,-110.99797020874966,0
174,COL. CERRO I,29.0889327301112,-110.93468546721056,0
175,COL. ALCATRAZ,29.026902757033973,-110.97283674005013,359
176,COL. CONSTITUCION,29.10219849147792,-110.95116905370448,578
177,COL. UNIDAD HABITACIONAL ZONA MILITAR,29.12361858380928,-110.94599429210636,0
178,COL. CANTERAS RESIDENCIAL,29.178157402222396,-110.9939184194893,378
179,COL. MONTEREAL,29.04873237837143,-111.00940336670276,486
180,COL. PRIVADA SAHUARO,29.10298713639945,-111.01917755498935,297
181,COL. URBI ALAMEDA LOS FRESNOS RDCIAL,29.16121814191114,-110.983237107468,954
182,COL. LA FLORESTA SECC CIRUELOS,29.126405960441502,-111.01829020946704,944
183,COL. ANTARA RESIDENCIAL,29.146231796741308,-110.962315749241,110
184,COL. PALMA DORADA,29.12399542944853,-111.03823783909242,1552
185,COL. CATAVIÑA RESIDENCIAL,29.079098772897783,-110.992604419607,50
186,COL. MERLOT,29.135323501533893,-111.01961943628989,1106
187,COL. MISION SAN CRISTOBAL,29.133931894342275,-110.96422364477834,664
188,COL. TOPACIO RESIDENCIAL,29.10934657413963,-111.03221800796268,673
189,COL. LOMAS DE LINDA VISTA,29.132455216475105,-110.96484121787724,1194
190,COL. PASEO DE LAS MISIONES,29.083216184492077,-111.02887241550292,729
191,COL. VILLAS DEL REAL,29.14732284640759,-111.0164544520538,11607
192,COL. RESIDENCIAL PIMA,29.05954608223904,-110.97589805032858,307
193,COL. SANTA BARBARA,29.15268364073193,-110.9697863316514,1479
194,COL. LOMAS PLUS,29.039745448687743,-110.94666351641231,289
195,COL. EMILIANO ZAPATA,29.04837555471827,-110.96131302284957,4335
196,COL. VISTA DEL LAGO,29.076657083618656,-110.99808682308922,84
197,COL. ALTAMIRA,29.010856215677347,-110.9353621080574,2696
198,COL. HEBERTO CASTILLO,29.139644279522404,-110.97376294389048,1973
199,COL. LIRIOS,29.028318540988284,-110.98316686447896,801
200,COL. MISION DE ANDALUCIA,29.14652127553325,-110.96462422541885,384
201,COL. CERRADA SAN IGNACIO,29.12273171005953,-110.95223374369913,0
202,COL. PRIVADA LOMA ALTA,29.0389383834824,-110.94117900961557,739
203,COL. RESIDENCIAL DE ALCALA,29.077177629548192,-110.98494291273266,476
204,COL. CASA BONITA RESIDENCIAL,29.10119126145079,-111.02967135350764,1820
205,COL. ALEGRANZA RESIDENCIAL,29.05648388598425,-111.0105796926768,1061
206,COL. PUEBLO ALEGRE,29.15395152328428,-111.01081029113686,1663
207,COL. BICENTENARIO,29.167821588003,-111.00339228511768,3604
208,COL. BARCELONA RESIDENCIAL,29.0667083736659,-110.98570829391537,76
209,COL. SIN NOMBRE 2,29.015509201828703,-110.9278347330508,0
210,COL. LAS PLACITAS,29.057691561134263,-111.0080290987039,31
211,COL. LAS PROVINCIAS,29.078603567621126,-111.04033315255262,1885
212,COL. CHULA VISTA,29.014035497020775,-110.9313173572148,870
213,COL. PORTAL DE ROMANZA,29.15601249243432,-110.99906559302768,1130
214,COL. SAN PABLO,29.060945617693346,-110.96118068602443,581
215,COL. PROGRESISTA,29.12172088992564,-110.99256579734842,3221
216,COL. FIRENZE RESIDENCIAL,29.134464646960108,-110.959274785124,269
217,COL. PALO VERDE INDEUR,29.04110146327592,-110.98353663820332,1404
218,COL. RINCON DEL MARQUEZ,29.02718434788227,-110.94401175483247,351
219,COL. RESIDENCIAL NAVARRETE,29.089079228250803,-110.99224931860994,382
220,COL. OASIS PALMEIRA,29.050954885832745,-111.0017697868628,772
221,COL. EL LLANITO (2),29.09754381100901,-111.010093327241,0
222,COL. LOTE BALDIO 3,29.01755779113757,-110.93835122154783,0
223,COL. CERRADA CORONADO,29.14979318141435,-110.97267427240504,179
224,COL. PARAISO PITIC,29.10562199114592,-110.93599252414526,0
225,COL. RIVELLO RESIDENCIAL,29.074279444622317,-111.0329523207794,1597
226,COL. BUENA VISTA,29.107585353981204,-111.01972210466135,2433
227,COL. PUERTA DE HIERRO,29.127518150705168,-110.94467080988396,11
228,COL. PIMENTEL,29.097828412479316,-110.98809868576636,2719
229,COL. CORONADO RESIDENCIAL,29.09192446536118,-111.0008575911651,270
230,COL. PRIVADA SACRAMENTO,29.12003600376609,-111.05084771848956,255
231,COL. PILARES,29.145683055728817,-110.99365247931875,251
232,COL. CERRADA DE LA CAPILLA,29.14924241428653,-110.98668531321783,421
233,COL. EL RANCHITO,29.08551774590598,-110.92770028357836,4334
234,COL. VALLE DE LOS ALMENDROS,29.001077648979045,-110.92335236922274,578
235,COL. VILLA SATELITE,29.088021349433767,-110.97976866383948,1459
236,COL. ALTARES II,29.011279260186974,-110.9495087471702,7752
237,COL. FRANCISCO EUSEBIO KINO,29.0592137182207,-110.96392316843468,443
238,COL. LUIS DONALDO COLOSIO,29.12615381123475,-111.02894752069824,800
239,COL. LAS QUINTAS,29.082314296318707,-110.99551770564771,2704
240,COL. BENEI,29.11895641380514,-111.0263234126846,615
241,COL. CORCELES,29.079616466526343,-111.0267590039264,1006
242,COL. PROYECTO RIO SONORA,29.06817088030397,-110.93999828209346,0
243,COL. LOS ROSALES,29.110536357432878,-110.96073466098872,485
244,COL. CERRADA SAN RAFAEL,29.06097767634032,-110.99428322426128,286
245,COL. PRADERAS DEL SOL,29.14218809286045,-111.02574015559392,386
246,COL. JARDINES,29.128211183741215,-110.98325804279663,7052
247,COL. MARTIN VALENCIA,29.147390385982455,-111.00118927566444,164
248,COL. FERROCARRILERA,29.096363751627333,-110.92465344105696,236
249,COL. SANTA LUCIA,29.11439068017286,-110.94359463746606,509
250,COL. SAN ISIDRO,29.09712523489252,-111.0130097693555,152
251,COL. SIERRA VISTA,29.127439948615244,-110.95776242053346,465
252,COL. CERRADA VISTA AZUL,29.14078978564573,-110.96217676840504,44
253,COL. REVOLUCION 1,29.075318051317225,-110.93623856814511,1807
254,COL. TIRO AL BLANCO,29.056884533170862,-110.9475709582127,386
255,COL. COUNTRY CLUB,29.09517092270776,-110.9383277683867,774
256,COL. ARGANGEL RESIDENCIAL,29.05999956278712,-110.99400498478144,306
257,COL. NUEVA PALMIRA,29.11541069418109,-111.02175881536937,544
258,COL. LOMAS DEL NORTE,29.152872786963247,-110.9843347708785,1052
259,COL. SANTA CLARA,29.015145739610933,-110.9684448996501,0
260,COL. EUSEBIO KINO,29.136182015102367,-110.98738258696076,3135
261,COL. PASEO SAN ANGEL,29.060316233323007,-110.99662213509856,1627
262,COL. LAS LADRILLERAS,29.12834693171328,-111.0258448601044,1008
263,COL. LLANO VERDE,29.082941202608943,-110.9950037656722,162
264,COL. LOTE BALDIO 6,29.159118140289635,-111.00418937313536,0
265,COL. PALO FIERRO,29.16169934139413,-111.00185779994736,1505
266,COL. CASERIO SOLAR,29.105933040228795,-110.94560484394331,0
267,COL. RESIDENCIAL SAN ANTONIO,29.077068813323358,-110.96927240760938,327
268,COL. PASEO CASA BLANCA,29.07462348182537,-110.94550763293284,500
269,COL. MONTEROSA RESIDENCIAL,29.153012440537623,-110.95528759623484,1483
270,COL. ALAMO RESIDENCIAL,29.04711422497702,-111.00358063055072,0
271,COL. INTERNACIONAL,29.11166049477029,-111.0202187293732,1886
272,COL. TORRALBA RESIDENCIAL,29.149697781187736,-111.00842754386298,193
273,COL. VILLA ESMERALDA,29.10768597352354,-111.00061049844022,69
274,COL. LOMAS DEL PARAISO,29.1522498780466,-110.98733440404034,334
275,COL. UNIVERSIDAD,29.07455681372872,-110.9340126455382,930
276,COL. REAL DE QUIROGA,29.08915488286173,-111.02039727798784,690
277,COL. PRIMERO HERMOSILLO,29.131952485745693,-110.99580785719542,2649
278,COL. LOMAS DEL PITIC,29.101764963601884,-110.9316301085283,60
279,COL. SIN NOMBRE 5,29.04745599757253,-110.9338487302291,0
280,COL. MORELOS,29.05030727439458,-110.98784992597636,1014
281,COL. ADOLFO DE LA HUERTA,29.02859961106551,-110.95801705457382,1170
282,COL. ALTOS DE ARAGON,29.132681586647685,-110.95895255022684,198
283,COL. NUEVA VICTORIA,29.135548558560576,-111.00765047617124,844
284,COL. REAL DEL CARMEN RESIDENCIAL,29.05253462568398,-111.00827869468154,5213
285,COL. RESIDENCIAL ARIZONA,29.124392524197187,-110.97924891489116,215
286,COL. ALAMEDA,29.092114375156694,-110.98131751642391,294
287,COL. TIERRA COLORADA,29.132636533299657,-111.02207028207616,899
288,COL. FRACCIONAMIENTO CASA REAL,29.05455586846884,-111.0088658437586,896
289,COL. COLINAS DEL SOL,29.15145540240863,-110.95921744072746,720
290,COL. RETORNO LA REJA,29.12719372977339,-110.95184331197092,0
291,COL. SAHUARO,29.104548923382183,-111.02081727760437,10729
292,COL. LOMAS DEL BARROCAN RESIDENCIAL,29.10481999368115,-110.93459399538398,0
293,COL. LA LENGUETA,29.15227827828017,-111.01366760692164,245
294,COL. SONACER,29.10006458854392,-111.00845887184364,3559
295,COL. COLINAS RESIDENCIAL,29.122639446649394,-110.95470818670344,1472
296,COL. PARQUE INDUSTRIAL,29.02229225141436,-110.91661672297548,0
297,COL. BENITO JUAREZ,29.12613824116819,-110.98962886178462,3082
298,COL. LAS LOMAS SECC ALMENDROS,29.04867542458379,-110.93987194535032,746
299,COL. VILLA DEL PITIC,29.076228264117045,-110.93644419390978,192
300,COL. VALLE ESCONDIDO,29.083331073018947,-110.96888826875038,340
301,COL. FRACCIONAMIENTO OASIS SOLERA,29.04730589481668,-111.008757108228,504
302,COL. CAMPANARIO,29.08490948189296,-111.00421597294331,870
303,COL. QUINTA ESMERALDA,29.00919052122204,-110.98141218606052,1527
304,COL. STANZA SOLARE,29.110685605621104,-111.02653254613864,1256
305,COL. LA MATANZA,29.072239709231205,-110.94778814192348,393
306,COL. CARDENO RESIDENCIAL,29.152365440339075,-110.96665134421865,239
307,COL. HACIENDA DE LA FLOR,29.0712709467372,-110.941173111747,1693
308,COL. ARANDANOS RESIDENCIAL,29.14563753266245,-111.0113583644768,2018
309,COL. UNION DE COLONOS,29.120613171640866,-110.99731849398118,700
310,COL. VILLAS DEL MEDITERRANEO,29.08355962547981,-111.0348900192673,2939
311,COL. PRIVADAS DE BUGAMBILIAS,29.1189674491059,-110.9594513400415,112
312,COL. 4TA ZONA MILITAR,29.117360629895867,-110.9472971706739,737
313,COL. CINCO DE MAYO,29.09240187605405,-110.94509623654388,4548
314,COL. PRIMAVERA,29.129552397463318,-110.98843247473232,991
315,COL. CAMINO REAL DEL NORTE,29.121791525599463,-111.0037816888941,485
316,COL. SAN JAVIER,29.11943533735533,-110.99260448177888,1050
317,COL. PUERTA DEL REY,29.16707917479035,-111.0102196006126,10755
318,COL. BONANZA,29.01931282935469,-110.94003997708386,42
319,COL. VILLA DORADA,29.152549669012867,-110.97389148749262,1063
320,COL. PUEBLO BONITO,29.1608228979055,-111.0071308070776,369
321,COL. MACHI LOPEZ,29.12688315692913,-110.99963467612,290
322,COL. PASEO DE PALMAS,29.154007830817843,-110.9798484465902,735
323,COL. NUEVO HERMOSILLO,29.010676774997236,-110.92807019669132,10903
324,COL. SAN FRANCISCO,29.12063888064257,-111.02636369979535,635
325,COL. RESIDENCIAL LA CAÑADA,29.139322873793358,-110.94585991671184,21
326,COL. RANCHO GRANDE,29.00586557250149,-110.94426999555245,3992
327,COL. PRIVADA ROSALES,29.064285049521068,-110.97221371285625,495
328,COL. PALO VERDE,29.04687273506381,-110.97250791546212,13141
329,COL. SIERRA BONITA,29.150292813800966,-110.99888792175764,1283
330,COL. GALA 2,29.00379333560524,-110.92222147326446,1665
331,COL. PEÑASCO RESIDENCIAL,29.066410721230927,-110.97149431038932,600
332,COL. LOS SANTOS,29.08480271066774,-111.02049744570296,416
333,COL. CATALINAS RESIDENCIAL,29.125065658341097,-110.95273678229076,150
334,COL. LAS VILLAS,29.061843421595043,-110.96400158732273,1275
335,COL. LOTE BALDIO 4,29.121728664398177,-111.03816689244952,0
336,COL. PUEBLITOS,29.1591561071988,-111.01371853405853,0
337,COL. REAL DEL PITIC,29.09611275820769,-110.94158950046152,0
338,COL. RESIDENCIAL VILLA FLORENCIA,29.0736534118202,-110.98412451469656,85
339,COL. REAL DEL CARDO,29.13168857553902,-111.0022241952306,435
340,COL. PASEO DE LA COLINA,29.132087294793013,-110.956122767993,444
341,COL. LA COSECHA NORTE,29.13055167704633,-111.0307218550434,21
342,COL. PRADOS DEL SOL,29.11676849884452,-110.9616299635184,1251
343,COL. ALVARO OBREGON,29.10917504348221,-111.00350948023032,6057
344,COL. TIROCAPES,29.05166064038782,-110.98322746634643,1444
345,COL. JARDINES DE MONACO,29.06790897149065,-110.97596208149588,469
346,COL. FUENTES DEL CENTENARIO,29.07414523488897,-110.96734364138996,51
347,COL. RESIDENCIAL LA CIMA,29.147769452804532,-110.98880084504653,684
348,COL. FRACCIONAMIENTO OASIS SANTA FE,29.04932507873567,-111.00580199050552,267
349,COL. JESUS GARCIA,29.113430375206235,-110.96173737843895,7436
350,COL. COMBATE,29.108679441643567,-110.9188485521838,3224
351,COL. VILLA CALIFORNIA,29.150278541031803,-110.97091201563032,774
352,COL. STAUS,29.090562046852224,-110.99460451036596,329
353,COL. SALVATIERRA RESIDENCIAL,29.083733802778998,-111.0168392269198,713
354,COL. REAL DEL MONTEJO,29.087371888587484,-111.0135704734479,194
355,COL. PEDREGAL DE LA VILLA,29.04678273653021,-110.953716360255,4565
356,COL. LAURA ALICIA FRIAS DE LOPEZ NOGALES,29.146914739410267,-111.02950713389302,2726
357,COL. MIXCOAC,29.15020240343675,-110.95748790656069,596
358,COL. CONDOMINIOS INN,29.117960020322684,-110.95214050333476,0
359,COL. CUMBRES RESIDENCIAL,29.133827729050022,-110.9513330829241,408
360,COL. SAN JUAN,29.074260140953363,-110.94178931733016,656
361,COL. CORDOBA RDCIAL,29.150620870325145,-111.02013029599256,257
362,COL. SEMINARIO RDCIAL,29.08491840666759,-111.00116162765498,131
363,COL. BALDERRAMA,29.10613817825605,-110.96963188552164,9750
364,COL. CARMEN SERDAN,29.137141739682715,-110.98425347299064,2637
365,COL. RETORNO ARCO IRIS,29.128395712250004,-110.95188466834549,170
366,COL. VALLE DE ARANDAS,29.064991863871363,-111.01337312997774,344
367,COL. LOS PINOS,29.07592811258632,-110.94417759927856,0
368,COL. LAS FLORES,29.111816524728244,-110.99016855860698,21
369,COL. LA METALERA,29.09063298868367,-110.9255999163432,1219
370,COL. RESIDENCIAL COUNTRY CLUB,29.091801373946662,-110.93795345084258,43
371,COL. LOS OLIVOS,29.03731490181648,-110.9783409665459,4542
372,COL. ALTAFIRENZE RESIDENCIAL,29.138284404654947,-110.9582450734852,388
373,COL. LOS MANANTIALES,29.14866722811301,-110.99495789166626,748
374,COL. GRANJA GUADALUPE,29.05715825490595,-110.99756738131263,0
375,COL. PARADA CANO,29.11053926290518,-111.0136689276706,514
376,COL. VILLAS RESIDENCIAL,29.154386973915127,-110.97569620794606,1183
377,COL. LAS LOMAS SECC CASTAÑOS,29.047137995948603,-110.94158198357036,675
378,COL. VILLA LOURDES,29.063577888419296,-111.01506059371752,904
379,COL. REAL DE SEVILLA,29.082586749115123,-111.0478848184132,879
380,COL. CONDESA,29.114763701245625,-110.98550256355917,340
381,COL. ARCADIA,29.129777479250784,-110.9520095572749,0
382,COL. COLINAS DEL BACHOCO,29.120317470154816,-110.95086582185112,52
383,COL. APOLO,29.11720365005611,-110.96449712662572,1501
384,COL. VILLAS MONTECARLO,29.062954905988267,-110.99777940064791,0
385,COL. BANUS,29.14282739341929,-110.95854250140007,1687
386,COL. OPATAS,29.155930224617865,-111.00892610626032,367
387,COL. SIERRA BLANCA,29.126973417301844,-110.96043025135904,667
388,COL. PUEBLITOS SECC KIKAPU,29.15877847892205,-111.00695285095593,363
389,COL. NUEVA ESPERANZA,29.03625257436523,-110.98559731390972,715
390,COL. DEL RAZO,29.076682100454203,-110.94286359236972,43
391,COL. LOMA BLANCA,29.13067172670603,-110.95422124053368,588
392,COL. MURANO RESIDENCIAL,29.10788691088029,-111.02487100816046,11
393,COL. VELAS,29.158599718048265,-110.97776046067784,40
394,COL. PUEBLO DEL ORO,29.160597674554477,-111.00879154741384,488
395,COL. CERRO DE LA CAMPANA,29.073283110856877,-110.9513439305237,223
396,COL. VILLAS DEL SUR,29.016186921215283,-110.98048590325983,7661
397,COL. COLINAS RESIDENCIALES DEL BACHOCO,29.138583602021104,-110.94886950408927,167
398,COL. MAGISTERIAL,29.10520815319278,-110.99971196969952,594
399,COL. LAS TRES REYNAS,29.024252389082573,-110.98439998364488,1070
400,COL. LOPEZ PORTILLO,29.128933609114146,-110.96840681133192,7352
401,COL. VALLE DORADO,29.098972730793808,-111.01371445121605,658
402,COL. REAL DEL COBRE,29.13330450433921,-111.00330054714784,426
403,COL. VILLA MERCEDES,29.11057318420711,-111.0304811904071,1339
404,COL. SAN JUDAS TADEO,29.129059585298453,-111.01007928064467,85
405,COL. LOMA LINDA,29.111219698946552,-110.94697549536224,1506
406,COL. 4 DE MARZO,29.15124763811824,-110.99298722726968,1463
407,COL. PRIVADAS DEL REY,29.172075493523405,-111.01866392568088,1633
408,COL. OBISPOS,29.08845570023872,-111.01065040089446,264
409,COL. VERSALLES,29.080321459595663,-111.02087494116734,506
410,COL. TURIN,29.14943662710417,-111.0306614810655,27
411,COL. ASTURIAS RESIDENCIAL,29.06547561874801,-110.9824550290746,460
412,COL. LADRILLERAS,29.12858630555297,-111.0069970323713,2633
413,COL. BACHOCO,29.12803344372317,-110.95449526391262,984
414,COL. CORTIJO SECCION PERIODISTAS,29.14810262240508,-110.99154454965064,109
415,COL. RENACERES RESIDENCIAL,29.044797780928523,-111.02813465818129,28
416,COL. TORRE DE PLATA,29.15463112101319,-111.00662199661596,587
417,COL. SIN NOMBRE 4,29.107635426180742,-110.9395878265882,131
418,COL. HERMOSA PROVINCIA,29.03238216822416,-110.9832319415685,1984
419,COL. DEL BOSQUE,29.121744366032956,-111.00961026385532,270
420,COL. ANDALUCIA,29.144934927031795,-110.96500312614197,358
421,COL. MEZORO,29.0769692739442,-111.00834272748024,0
422,COL. RESIDENCIAL GALA,29.00213953193741,-110.9203236491402,2456
423,COL. NATURA,29.179203192160045,-111.0146135319372,1253
424,COL. PUEBLITOS SECC KUKAPA,29.157141808013836,-111.00876797439436,469
425,COL. CALIFORNIA PRIVADA MONTEBELLO,29.12206794495569,-111.05664001607016,3396
426,COL. CONQUISTADORES,29.118637694318263,-110.9994174233914,591
427,COL. RAQUET CLUB,29.08885749428935,-110.98642539633516,686
428,COL. AMPLIACION LOS OLIVOS,29.03185769081149,-110.9760552003404,4748
429,COL. QUINTAEMILIA,29.08873155157556,-111.01869044989589,44
430,COL. ALFONSO PERALTA,29.035823324423024,-110.98256609625862,324
431,COL. LA HUERTA,29.08820601660704,-110.97069162047386,508
432,COL. PUERTA REAL,29.11484277413861,-111.04131531014724,19205
433,COL. EL CHAPARRAL,29.131986613776327,-111.01359417936624,0
434,COL. CALIFORNIA PRIVADA SANTA MONICA,29.11919651760256,-111.06002003671468,612
435,COL. SANTA ANITA RESIDENCIAL,29.00962068088876,-110.97049299823576,319
436,COL. VILLA VERDE,29.16549631315701,-111.023771056269,2320
437,COL. DIAMANTE,29.16024485867936,-111.0107929091099,606
438,COL. URBI ALAMEDA LOS ENCINOS II,29.055744287490317,-110.93568056820747,2102
439,COL. LOTE BALDIO 2,29.132523205650305,-111.00391998730042,407
440,COL. NUEVA ESPAÑA,29.11428480984353,-111.0038304373456,909
441,COL. AKIWIKI,29.038286651974403,-110.95117116804244,1003
442,COL. VILLA SOL,29.0763250288678,-110.98324053133976,523
443,COL. PERIODISTA,29.106449900847657,-110.94727077556092,1062
444,COL. BILBAO,29.16312571058839,-110.99610576319806,16
445,COL. VERONA RESIDENCIAL,29.05336840401575,-110.9994866828717,339
446,COL. CLUB BRITANIA,29.127388350920995,-110.94788866043764,0
447,COL. MILAN,29.155600160333027,-110.97413077120082,333
448,COL. SOL AGUILAR (EL TRIUNFO),29.128311762233736,-111.01475861375306,681
449,COL. CASA ALTA RDCIAL,29.169881672863543,-111.01667897894662,151
450,COL. LAS VEREDAS,29.126304750222168,-111.02919340888012,0
451,COL. LEY 57,29.121890457335304,-110.9739760306132,9801
452,COL. MALLORCA RESIDENCIAL,29.006264574776058,-110.93840044253938,3367
453,COL. CASTELINA,29.002775399556203,-110.93333919179808,101
454,COL. PUNTA DE LAGO RESIDENCIAL,29.07750562345676,-110.98962155357044,66
455,COL. NORBERTO ORTEGA,29.13502090321133,-110.9986504905676,3465
456,COL. JEREZ DEL VALLE,29.10053188192236,-111.01428429910888,1306
457,COL. LOS ALAMOS,29.02965287073202,-110.95467349859132,1748
458,COL. ALTARIA RESIDENCIAL,29.15859805089099,-110.98320884673085,1236
459,COL. TIERRA Y LIBERTAD,29.166634985126507,-110.98939572500362,13
460,COL. SANTA REGINA,29.065174069665066,-110.96582970790992,34
461,COL. CAÑADA DE LOS NEGROS,29.08718686337049,-110.94177299089004,864
462,COL. PITIC,29.10151348367997,-110.94081292239552,2573
463,COL. EL MARIACHI,29.08328309011564,-110.94206826576767,2972
464,COL. VALLADOLID,29.167237103695424,-111.00161845283472,145
465,COL. EL ENCANTO,29.146586559015205,-110.99906368800478,1193
466,COL. PASEO SAN NGEL SECC LAS PLACITAS,29.05767591855127,-111.00028037067275,1301
467,COL. CNOP,29.13238041601853,-110.98289539673992,509
468,COL. LAS PLACITAS PRIMERAS,29.05925537237074,-111.0012353460231,124
469,COL. DILIGENCIAS,29.0067962311938,-110.92329778048617,307
470,COL. OLIVARES,29.10244422887757,-110.98068351521364,10008
471,COL. FLORESTA SECCION VILLA ALMENDRAS,29.12508493481744,-111.01545495656676,556
472,COL. LA MANGA,29.09200656696289,-111.04745275755708,2561
473,COL. CERRADA DE MINAS,29.047989281830755,-110.99574699874984,1070
474,COL. RETORNO JALAPA,29.101076958800597,-111.01194077670198,114
475,COL. CONJUNTO ALBORADA,29.135013218976496,-110.96347425455018,373
476,COL. VILLA HERMOSA,29.03595154699043,-110.96663017492769,3930
477,COL. ZONA INDUSTRIAL,29.146225120050214,-111.005264204813,31
478,COL. LOS SAUCES,29.075569403227888,-110.9305336971412,282
479,COL. SANTA CRUZ,29.08716063827764,-111.01772081298073,0
480,COL. PRADERAS DEL REAL,29.14397223347211,-111.0259463643902,515
481,COL. REVOLUCION 2,29.076265201595078,-110.93183504666122,601
482,COL. VALLE DE AGUALURCA,28.999750992180324,-110.91723603192858,2572
483,COL. NUEVA ILUSION,29.028024067132797,-110.99757368696446,851
484,COL. LOS ALTOS RESIDENCIAL,29.095350242410067,-110.9353390187306,156
485,COL. LA RIOJA,29.0845978516246,-111.01231654701296,1250
486,COL. PROGRESO,29.060902703983384,-110.98260243139204,1023
487,COL. SIERRA CLARA,29.00261914153122,-110.9177895428422,604
488,COL. CONDOMINIOS LOS PORTALES RESIDENCIAL,29.07808886972384,-110.9913954900899,0
489,COL. LOTE BALDIO 5,29.13876081461744,-111.02159921429492,0
490,COL. DUNAS,29.122512408926237,-111.01751672038212,5877
491,COL. MISION DEL REAL,29.122573614104645,-110.9619536075505,1044
492,COL. AZORES RESIDENCIAL,29.062162618382143,-110.9914168293702,25
493,COL. CERRADA DEL ANGEL,29.1545159903094,-111.01485707431132,1262
494,COL. EL SECRETO,29.075590674912924,-111.03547603387716,45
495,COL. RESIDENCIAL MEDITERRANEO,29.094675716478303,-110.93760544558832,156
496,COL. VILLA DE SERIS,29.0612338027041,-110.9565778505642,6037
497,COL. FUENTE DE PIEDRA,29.15404759677775,-111.0290563903468,4520
498,COL. PRIVADA PARQUE ALAMEDA,29.040535986032683,-110.94594502031302,151
499,COL. RIO DE LA PLATA RESIDENCIAL,29.104758752186417,-111.02837539200296,1301
500,COL. PRIVADAS DEL MIRADOR,29.14785056221002,-110.96141205951967,1181
501,COL. PALERMO RESIDENCIAL,29.137893447268183,-110.95528695622492,1337
502,COL. LAS PILAS,29.069878294146843,-110.95102010389505,397
503,COL. VILLAS DEL CORTEZ,29.146502734022523,-110.9744355082366,1956
504,COL. LOS MISIONEROS,29.119592784071724,-111.00150775791742,691
505,COL. ESPLENDOR,29.1051846659588,-111.02990361985024,2149
506,COL. PRIVADAS SANTA CLARA,29.17143562832732,-111.02345810295658,279
507,COL. SAHUARO FINAL,29.119710379605,-111.01481368913346,2549
508,COL. LOS PINOS RDCIAL,29.164923059025483,-111.00238249755128,3630
509,COL. PASEOS DEL PEDREGAL,29.174587286644343,-111.02121195712688,4151
510,COL. BUENOS AIRES,29.11943168001226,-111.01185391604812,708
511,COL. MARTIRES DE CANANEA,29.127298320372347,-110.9947458173469,1359
512,COL. EL SAHUARO,29.097608236928554,-110.9972846492063,0
513,COL. CENTRO,29.083188292879687,-110.95213486858518,3905
514,COL. VILLA GUADALUPE,29.142753170545127,-110.97474922017524,1141
515,COL. RANCHO BONITO,29.097871253822035,-111.0191667203228,1101
516,COL. VALLE GRANDE,29.08484259759177,-110.97479250551622,1262
517,COL. LOS ANGELES,29.14925310129917,-110.96559257153716,2605
518,COL. SAN BERNARDINO,29.11599505529856,-111.00207828537864,215
519,COL. SANTA ENGRACIA PRIVADA RESIDENCIAL,29.060271594462996,-111.00051799580248,19
520,COL. REAL DE QUIROGA SECCION MADRIGAL,29.088641450311435,-111.02367734897793,570
521,COL. VILLA COLONIAL,29.146735369298806,-110.9703013785152,2582
522,COL. LOS ARROYOS,29.10352782401411,-111.04559430534675,4480
523,COL. QUINTA DE LOS MEZQUITES,29.07734985542956,-110.9912916578878,0
524,COL. NUEVA CASTILLA,29.124180952380303,-111.00164757586796,512
525,COL. LA FLORESTA SECC VILLA FRESNOS,29.126743671415543,-111.01581494564248,652
526,COL. LA VICTORIA (NUEVACREACION),29.124563060480565,-110.89519586709628,771
527,COL. SAN CARLOS RESIDENCIAL,29.06055016662849,-110.99961113941367,104
528,COL. LA CORUÑA SECCION PRIVADA ORZAN,29.078933350122497,-111.05753731709196,186
529,COL. CUAUHTEMOC,29.02735193433932,-110.95144358334105,4647
530,COL. EL JITO,29.061457031810924,-110.95211859420228,137
531,COL. INALAMBRICA,29.09080511172509,-110.95897292389232,78
532,COL. VILLAS DEL PALMAR,29.151203146282462,-110.97775213237304,1989
533,COL. TUBAC,29.15762695742276,-111.01092335522388,824
534,COL. PUEBLITOS SECC GUARIJIOS,29.15849580805849,-111.00899107805984,422
535,COL. TERRANOVA,29.009118807558277,-110.92600766182038,1988
536,COL. RINCON DEL RAQUET RESIDENCIAL,29.086715708958376,-110.98552232223156,0
537,COL. COMPOSTELA RESIDENCIAL,29.083246948538136,-111.02370774396684,346
538,COL. CHOYAL,29.105773593058885,-110.98928011105788,3209
539,COL. LAS MINITAS,29.04514081134945,-110.995494351658,3281
540,COL. SAN LUIS REY,29.15065524560883,-110.97377263236078,976
541,COL. MONTEBELLO RESIDENCIAL,29.089970217061147,-110.99699905518828,131
542,COL. MARSELLA RESIDENCIAL,29.068076649628985,-110.98254453859666,1007
543,COL. FLORESTA SECCION CIPRES,29.12545630008829,-111.01273895028488,873
544,COL. SAN ANDRES RESIDENCIAL,29.09036641260776,-111.00619044305544,63
545,COL. LOMAS PITIC,29.09534307031136,-110.93238374845065,443
546,COL. STANZA FLORENZA RESIDENCIAL,29.050976022301796,-110.99526042504726,500
547,COL. RESIDENCIAL KINO,29.118822351253616,-110.96082407043654,185
548,COL. JESUS VEGA,29.123916736567462,-111.00692177128956,2659
549,COL. COLOSO ALTO,29.08313262704405,-110.93486986489948,952
550,COL. OASIS SOLANA,29.046543195122585,-111.00707980280096,904
551,COL. PLAZA GRANDE,29.112440156461997,-110.99841525323262,101
552,COL. SIN NOMBRE 3,29.061093455483316,-110.93029290555911,0
553,COL. LAS TORRES,29.11630671361578,-110.98120107368774,833
554,COL. BELLA VISTA (2),29.08578367001427,-110.92153942679155,917
555,COL. VILLA SONORA,29.14080568649416,-110.96883626610172,3705
556,COL. SAN BENITO,29.092444453180715,-110.96499157478657,6594
557,COL. MANUEL GOMEZ MORIN,29.13481449009326,-111.01614967895388,2151
558,COL. TOSALI,29.133581964958427,-110.9549204503266,221
559,COL. SANTA MARTHA,29.124927945142584,-111.03418552585843,1260
560,COL. LAS PRADERAS,29.063716578992835,-110.97617276417904,1457
561,COL. RESIDENCIAL LA HACIENDA,29.08372996357991,-110.98914053751136,244
562,COL. REAL DE LOS ARCOS,29.081457653405693,-110.97901837189116,105
563,COL. MISION DEL SOL,29.12280693810488,-110.95853654796032,2251
564,COL. PRADERAS DEL VALLE,29.05990286183581,-110.97143793739362,494
565,COL. VILLA TOSCANA,29.13520068154753,-110.9565945563405,447
566,COL. TULIPANES RESIDENCIAL,29.057838836048344,-110.99444671727964,1465
567,COL. REAL DE MINAS,29.04574451565931,-110.99993866349608,2762
568,COL. TUMACACORI,29.155757096576192,-111.01214482287922,1166
569,COL. IRRIGACION,29.08230556511021,-110.9238754119895,86
570,COL. LOMAS DEL SUR,29.04072590044644,-110.94018483543236,530
571,COL. RESIDENCIAL BRITANIA,29.126127319292014,-110.94597036952068,206
572,COL. CERRADA CUCURPE,29.135619331403213,-110.95462903762852,166
573,COL. CENTENARIO LUX,29.0724176556495,-110.96880708645392,94
574,COL. LAS LOMAS DEL SOL,29.040632074544146,-110.94379472410807,703
575,COL. SEDONA RESIDENCIAL,29.067565266074176,-110.97969360583598,13
576,COL. PALMAR DEL SOL,29.0782304425718,-110.97906310105196,1050
577,COL. EL 33,29.1531770636503,-110.9886516505978,179
578,COL. IBIZA,29.144361382110603,-110.9480214992019,0
579,COL. LOS ARCOS,29.081402874959075,-110.97813735819108,1820
580,COL. PRIV REAL DEL PARQUE,29.0365548642465,-110.94314822471054,1967
581,COL. LOMAS DE CORTEZ,29.042620365316274,-110.9459948501655,764
582,COL. ACACIAS RESIDENCIAL,29.12333599293554,-111.0581754381712,381
583,COL. EL LLANO,29.092906642789348,-111.00589477626448,1007
584,COL. EL MIRADOR,29.12976125777474,-111.02012875360111,1598
585,COL. PROYECTO VILLAS DEL COLORADO,29.14441957951876,-111.03711656377676,117
586,COL. LAS LOMAS SECCION PARAISO,29.03790367134329,-110.9402068763956,10
587,COL. COSTA DEL SOL,29.019218433263443,-110.96401397949224,1257
588,COL. QUINTA EMILIA,29.092418285039138,-111.0192785567544,234
589,COL. VILLAS DEL CORTIJO,29.143111943451057,-110.98782092927308,1200
590,COL. HACIENDAS DEL SUR,28.99806518284676,-110.965796999801,4242
591,COL. PORTAL DEL PITIC,29.06166197052072,-110.9927470964946,556
592,COL. PUEBLITOS SECC PIMAS,29.15612571832968,-111.0065863482735,338
593,COL. CASA BLANCA,29.07772506846094,-110.94132029058171,730
594,COL. ALONDRAS RESIDENCIAL,29.14735900439222,-110.99343758510268,373
595,COL. INVASION ALTARES,28.99865437623913,-110.94678349539257,2352
596,COL. PASEO SAN NGEL SECC LOS ALAMOS,29.05545484261185,-111.00281259041908,1047
597,COL. CORTIJO UNISON,29.14383964668564,-110.98424062008816,883
598,COL. CERRADA LA CARIDAD,29.152954760487265,-110.98148854735376,109
599,COL. CUATRO OLIVOS,29.13015329773609,-110.96037779811785,1999
600,COL. HIPICO,29.076450070092804,-111.02389053550698,811
601,COL. SAN LUIS,29.103687178768485,-110.92457429463174,6407
602,COL. JORGE VALDEZ MUÑOZ,29.142745239071846,-111.02855313451208,923
603,COL. MONTALBAN RESIDENCIAL,29.17808564500442,-110.99672834512629,390
604,COL. PARQUE CENTRAL,29.152134577538817,-111.03368656856738,2288
605,COL. PORTON DEL ARCO,29.130809663650663,-110.9522437707642,0
606,COL. RESIDENCIAL ALAMOS,29.078067804090967,-110.99553488283536,87
607,COL. JACARANDAS,29.014761933956905,-110.93012906274976,92
608,COL. SANTA ROSARIO,29.077346704716756,-110.98041224884068,0
609,COL. PRIVADAS DEL REAL,29.1484475703432,-111.0228441326438,4737
610,COL. BUENA VENTURA,29.11269283194232,-111.00617083636824,0
611,COL. RESIDENCIAL EL ENCANTO,29.096367826198943,-110.93766631559885,0
612,COL. LORENZO RESIDENCIAL,29.079789650502345,-110.98486762232686,0
613,COL. LA ENCANTADA,29.084997199305857,-111.02574379420714,1078
614,COL. ALTA MONACO,29.067593537504543,-110.97799743387668,10
615,COL. CLUB DE GOLF LOS LAGOS,29.073906318760347,-111.00160340564484,1146
616,COL. LAS PEREDAS (GABY PEREDA I),29.027406644738075,-110.97798639071912,1335
617,COL. CAMINO REAL,29.11867478425537,-111.0087341257566,3242
618,COL. PRIV RESIDENCIAL MONACO,29.06786250863155,-110.98439530037066,236
619,COL. PRIVADA CASA BLANCA,29.078750075583827,-110.9380307773037,0
620,COL. ARANJUEZ RESIDENCIAL,29.157131715717693,-110.9746227197936,841
621,COL. ISSSTESON CENTENARIO,29.0743716593478,-110.9699702674248,488
622,COL. FOVISSSTE,29.059376162000376,-110.96762365993008,1616
623,COL. AUREA RESIDENCIAL,29.059635360822597,-110.98919469291832,0
624,COL. VILLAS DEL PRADO,29.056918535416496,-111.0258123691424,3770
625,COL. BUROCRATA MUNICIPAL,29.11899699378375,-111.02011475322938,1800
626,COL. VISTA REAL,28.99348322424094,-110.94198777549455,1865
627,COL. ARCO IRIS,29.034561296672194,-110.9889225640017,3120
628,COL. RESIDENCIAL VILLA BONITA,29.063160269966065,-111.00692479708326,9884
629,COL. RENACIMIENTO,29.011822729719626,-110.92996827941998,2332
630,COL. ALTA CALIFORNIA RESIDENCIAL,29.08739302369308,-111.0003009486411,435
631,COL. VALLE DEL SOL,29.0883426645938,-110.97235561868084,268
632,COL. VALLE HERMOSO,29.08782446841021,-110.9682092532428,212
633,COL. SANTA FE,29.150874654356773,-110.9616978581368,806
634,COL. LA CIMA II,29.14609095403062,-110.98927583859724,326
635,COL. SANTA ISABEL,29.118343598465955,-110.98396088843418,1587
636,COL. TORRE DE PIEDRA,29.156187117942256,-111.03291081920176,14
637,COL. PARQUE INDUSTRIAL DINATECH,28.997215283900548,-110.90809330668944,0
638,COL. EL TORREON,29.092543326721295,-110.98753984106028,397
639,COL. LAS ISABELES,29.119560004666564,-110.98822206988392,954
640,COL. RESIDENCIAL DE ANZA,29.083958634479064,-110.98682110261576,780
641,COL. LA JOLLA SECCION VILLA TURQUESA,29.11621273591557,-110.94146611495138,0
642,COL. Y GRIEGA,29.03371446218328,-110.953967302351,1894
643,COL. ALTO VALLE,29.14463559547943,-110.96781565282234,315
644,COL. FONAPO,29.11656392756221,-111.01918924098815,1018
645,COL. CALISTOGA,29.08814067369126,-110.99837902446237,39
646,COL. LIBERTAD,29.114267097646685,-110.99406036283186,1097
647,COL. CORCELES SECC ALTER REAL,29.075384703413697,-111.0276755828512,1090
648,COL. LOTE BALDIO 1,29.12178133173886,-111.02486474730247,0
649,COL. URBI VILLA DEL REY,29.04934991617218,-110.93957647427122,5090
650,COL. GALA III,28.99758663639019,-110.92165811342878,1359
651,COL. LOS POETAS,29.04586494938492,-110.978538788156,99
652,COL. VISTA BELLA,29.10507132160204,-111.01748865835256,256
653,COL. NACAMERI,29.06056847125404,-110.97531161798926,849
654,COL. QUINTAS DEL SOL RESIDENCIAL,29.009386593524454,-110.97687930843324,6519
655,COL. MODELO,29.102795274958392,-110.95692874469869,3237
656,COL. NAZAREO RESIDENCIAL,29.087179625417264,-111.0039091756577,59
657,COL. RINC0N AGRADABLE,29.138327849661685,-110.98005480697664,0
658,COL. PORTAL DEL LAGO,29.074731567357475,-110.99097165999312,167
659,COL. CASERIO SAHUARO,29.103956785255463,-111.00314446245102,198
660,COL. LAS PLAZAS,29.10816077572417,-110.99875792440383,521
661,COL. QUINTA REAL,29.04988739690876,-110.9960030704103,411
